,Population Density,Year Found,pH,GHI,Dew Point,Albedo,Latitude,Longitude,AQI,PM25,PM10,CO_8H,NO2_1H,SO3_1H,GC%,Genome Length(bp)
Population Density,1.0,0.01779816843902625,0.007915551006476344,-0.11522169244319744,-0.006194810617388639,-0.16658733787196148,0.07030590247972082,0.18108851357425662,0.12169537746553594,0.10851149214661923,0.11051640597547091,0.12011585124344486,0.10483815731719501,0.1084269535054816,0.016914261964046114,0.1201267727782364
Year Found,0.01779816843902625,1.0,0.01420076746860848,0.00741032198960268,0.06354216246445384,0.006352503620966424,-0.05179763655177749,0.09178338411615812,-0.011157904554782085,0.001547737895253317,-0.0007839517476793984,-0.008479844335591773,-0.00903442399873619,-0.008698543992605268,-0.027223090224182213,-0.06798806523758155
pH,0.007915551006476344,0.01420076746860848,1.0,0.03626221521791764,-0.029506262713023233,0.008067145833940165,0.002010485995647107,-0.04217597104334386,0.03701148805447032,0.03635397962210167,0.035851924535363545,0.03518673233948273,0.03680715579345575,0.0358799321653386,0.013586678210568668,-0.031099732876147305
GHI,-0.11522169244319744,0.00741032198960268,0.03626221521791764,1.0,0.492777452161707,-0.5703316105912029,-0.8422362281890836,-0.5754959576296479,0.1852649242549939,0.1750157415489948,0.17995676680861583,0.18463482190815517,0.16767306863596607,0.18303894115917504,-0.039160390334766135,0.007190310216557255
Dew Point,-0.006194810617388639,0.06354216246445384,-0.029506262713023233,0.492777452161707,1.0,-0.71956623901378,-0.8319246803088151,0.10028522511788193,0.09796795525892317,0.08814949092075594,0.09025319839064949,0.09642576223673317,0.09187660248187031,0.09636619543882932,-0.014536133959144142,0.0127568080765954
Albedo,-0.16658733787196148,0.006352503620966424,0.008067145833940165,-0.5703316105912029,-0.71956623901378,1.0,0.7273733471702934,0.06736104893125094,-0.3584513471082677,-0.33217776000378,-0.3384823394861372,-0.3564336366275624,-0.32894311629459266,-0.34467344531826183,0.021174054913127113,-0.02959964128844834
Latitude,0.07030590247972082,-0.05179763655177749,0.002010485995647107,-0.8422362281890836,-0.8319246803088151,0.7273733471702934,1.0,0.21603271840419014,-0.19194978888683994,-0.17324020502965493,-0.17734462563087044,-0.1893756457565997,-0.17764064450218173,-0.18744068937793734,0.032086003619799706,0.004087358969401798
Longitude,0.18108851357425662,0.09178338411615812,-0.04217597104334386,-0.5754959576296479,0.10028522511788193,0.06736104893125094,0.21603271840419014,1.0,0.12104524739117692,0.10440525404470799,0.1054147795344356,0.12063204464065298,0.11494003406288905,0.11151043821463266,0.032885366362124246,0.0010617557263798115
AQI,0.12169537746553594,-0.011157904554782085,0.03701148805447032,0.1852649242549939,0.09796795525892317,-0.3584513471082677,-0.19194978888683994,0.12104524739117692,1.0,0.9734154459508971,0.9831035526749974,0.9987274061321906,0.9535437773083827,0.9841959011807437,0.005258750996875967,-0.028850767906260563
PM25,0.10851149214661923,0.001547737895253317,0.03635397962210167,0.1750157415489948,0.08814949092075594,-0.33217776000378,-0.17324020502965493,0.10440525404470799,0.9734154459508971,1.0,0.9975197962333379,0.9753520410517731,0.9696384336592891,0.9890252150681521,0.0063060530587794004,-0.025657140307924015
PM10,0.11051640597547091,-0.0007839517476793984,0.035851924535363545,0.17995676680861583,0.09025319839064949,-0.3384823394861372,-0.17734462563087044,0.1054147795344356,0.9831035526749974,0.9975197962333379,1.0,0.986251769141212,0.9592284122788844,0.986915125412391,0.006587486468606812,-0.0255450321689453
CO_8H,0.12011585124344486,-0.008479844335591773,0.03518673233948273,0.18463482190815517,0.09642576223673317,-0.3564336366275624,-0.1893756457565997,0.12063204464065298,0.9987274061321906,0.9753520410517731,0.986251769141212,1.0,0.9446319782791043,0.980355337957194,0.006761122696675238,-0.027213773083160385
NO2_1H,0.10483815731719501,-0.00903442399873619,0.03680715579345575,0.16767306863596607,0.09187660248187031,-0.32894311629459266,-0.17764064450218173,0.11494003406288905,0.9535437773083827,0.9696384336592891,0.9592284122788844,0.9446319782791043,1.0,0.9895463701828673,0.0027510913185743524,-0.030975482699227577
SO3_1H,0.1084269535054816,-0.008698543992605268,0.0358799321653386,0.18303894115917504,0.09636619543882932,-0.34467344531826183,-0.18744068937793734,0.11151043821463266,0.9841959011807437,0.9890252150681521,0.986915125412391,0.980355337957194,0.9895463701828673,1.0,0.004557186835164822,-0.029876025218072418
GC%,0.016914261964046114,-0.027223090224182213,0.013586678210568668,-0.039160390334766135,-0.014536133959144142,0.021174054913127113,0.032086003619799706,0.032885366362124246,0.005258750996875967,0.0063060530587794004,0.006587486468606812,0.006761122696675238,0.0027510913185743524,0.004557186835164822,1.0,-0.17835752895795487
Genome Length(bp),0.1201267727782364,-0.06798806523758155,-0.031099732876147305,0.007190310216557255,0.0127568080765954,-0.02959964128844834,0.004087358969401798,0.0010617557263798115,-0.028850767906260563,-0.025657140307924015,-0.0255450321689453,-0.027213773083160385,-0.030975482699227577,-0.029876025218072418,-0.17835752895795487,1.0
